Titular,Cuerpo,Fecha_Publicada,N_Parrafos
 El petróleo de Texas comienza la semana con una bajada del 3 1    hasta 68 18 dólares , Washington  11 nov  EFE    El precio del petróleo intermedio de Texas  WTI  comenzó este lunes la semana con una bajada del 3 1    hasta 60 18 dólares el barril    Al término de la sesión  los contratos de futuros del WTI para entrega en diciembre recortaron 2 20 dólares con respecto al cierre de la anterior  cuando cayó otro 2 7      El crudo de referencia estadounidense ha atravesado una semana volátil desde la victoria del republicano Donald Trump en las elecciones presidenciales de Estados Unidos    Los expertos apuntan a que Trump podría renovar las sanciones a Irán y Venezuela  reduciendo el suministro global  con efectos alcistas para el barril de WTI    Además  la semana también estuvo marcada por la bajada de un 0 25 de los tipos de interés de la Reserva Federal  con lo que la tasa de referencia queda en el 4 5   4 75      Según los analistas  el mercado está volviendo a centrarse en las perspectivas de la oferta y la demanda  y especialmente en la incertidumbre por la economía de China  uno de los mayores consumidores del mundo    Por otra parte  los contratos de gas natural para entrega en diciembre bajaron a 2 67 dólares por mil pies cúbicos  y los de gasolina para ese mismo período cayeron a 2 01 dólares el galón  ,11 de noviembre de 2024,7
 El petróleo ahora mancha incluso las marcas y la reputación , Cuando nació  hace casi un siglo  en 1929  se puso un nombre muy adecuado a aquellos tiempos  Cepsa  acrónimo de Compañía Española de Petróleos S  A  La industria del petróleo era por entonces una de las más pujantes y de las punteras en lo tecnológico  y llevar ese sustantivo en el propio nombre societario le daba a este un plus de modernidad  de vanguardia y de reputación positiva  Cepsa era una empresa privada  y la rival con la que quería competir en su sector  la semipública Campsa  nacida dos años antes  en 1927  también llevaba el petróleo en su nombre de pila  Campsa era el acrónimo de Compañía Arrendataria del Monopolio de Petróleos S  A    Ahora  casi un siglo después  la palabra petróleo ya no cuenta con aquellos atributos positivos  En el imaginario colectivo actual  el petróleo se asocia más con la contaminación  con el deterioro del medio ambiente y con el cambio climático  El petróleo mancha ahora incluso las marcas y la reputación     La semana pasada  Cepsa anunció que pasaba a denominarse Moeve  El CEO de la compañía  Maarten Wetselaar  explicaba el porqué del cambio   Para decirle al mundo que nos estamos transformando en otro tipo de organización  Moeve  en la que la mayor parte de sus beneficios provengan de actividades sostenibles a final de esta década   La nueva marca  añadía Wetselaar   refleja nuestro firme compromiso para ser un referente de la transición energética en Europa  en especial en el campo del hidrógeno verde  los biocombustibles 2G y la movilidad eléctrica ultrarrápida   Sostenibilidad  transición energética  hidrógeno verde  Nuevos términos con reputación positiva para el público actual sustituyen a los ya desgastados    En los nombres del resto de grandes petroleras que operan en España aún hay rastros de petróleo  Repsol nació como marca en 1968  y al principio se refería a un lubricante de motor que fabricaba la empresa  que entonces se denominaba Refinería de Petróleos de Escombreras  BP son las siglas del nombre anterior  British Petroleum  creado en los años cincuenta del siglo pasado  Había nacido con el nombre de Anglo Persian Oil Company  en Irán  en 1908  Galp  portuguesa de origen  es heredera de dos compañías creadas tras la Revolución de los Claveles de 1974  Petrogal y Gás de Portugal      Abandonará alguna de ellas en el futuro la p delatora de petróleo  para buscar nombres más afines a los nuevos valores de la sociedad  Es posible  O no  nunca se sabe  Cada marca tiene su propia vida  y evolucionan para bien o para mal las percepciones con las que el público las recibe  los atributos que transmiten  Y si algo hacen absolutamente todas las grandes empresas es medir al milímetro esas percepciones  esos atributos  Pero si una  Cepsa  ya se ha movido  es muy probable que las restantes estén ya preguntándose qué hacer       Todo es lengua  es una producción de Archiletras para elDiario es Conoce nuestro proyecto en archiletras com Ahí puedes suscribirte a Archiletras  la revista trimestral impresa de divulgación en torno a la lengua y a la literatura  y a Archiletras Científica  la revista semestral de investigación académica  o adquirir números anteriores de cualquiera de ellas  , 6 de noviembre de 2024 Actualizado el 07 11 2024,6
 Venezuela y Turquía evalúan la cooperación bilateral en las áreas de petróleo y gas , Caracas  4 nov  EFE    La ministra de Petróleo y vicepresidenta ejecutiva de Venezuela  Delcy Rodríguez  sostuvo este lunes un encuentro con representantes de la empresa turca Türkiye Petrolleri Anonim Ortakligi para evaluar la cooperación bilateral en las áreas de petróleo y gas    A través de una publicación en Instagram  el Ministerio de Petróleo indicó que la reunión se dio en el contexto de los acuerdos firmados entre ambas naciones  así como para  fortalecer la industria energética  de Venezuela    La cartera no ofreció mayores detalles sobre lo conversado entre los funcionarios venezolanos y turcos    Añadió que la  alianza estratégica  entre Venezuela y Turquía se complementa gracias a las potencialidades de la nación caribeña con  las mayores reservas de hidrocarburos probadas en el mundo   y del país euroasiático  con un gran desarrollo industrial  científico y tecnológico     Entre el 25 y 28 de septiembre  se celebró en Caracas la segunda edición de una feria de productos turcos  en la que participaron 25 empresas de productos que se importan desde Turquía  además de 40 compañías procedentes de la nación euroasiática con intenciones de  negociar inversiones productivas   según el Ejecutivo chavista    Asimismo  149 empresas venezolanas participaron en este evento  a fin de evaluar oportunidades de exportación para elevar las relaciones comerciales  cuyo intercambio  el presidente Nicolás Maduro espera que supere los 800 millones de dólares este año    En febrero pasado  Caracas y Ankara acordaron incrementar el intercambio comercial de más de 800 millones de dólares  como cerró el año pasado  a 3 000 millones de dólares en 2024  durante una reunión entre el canciller venezolano  Yván Gil  y su homólogo turco  Hakan Fidan  quien se encontraba de visita en el país caribeño  , 5 de noviembre de 2024,7
 El petróleo de Texas cierra con una caída del 6 13   en la peor sesión en más de dos años , Nueva York  28 oct  EFE    El precio del petróleo intermedio de Texas  WTI  cerró este lunes con una caída del 6 13    hasta 67 38 dólares el barril  después de que Israel atacara el sábado territorio iraní pero no impactara contra instalaciones energéticas  lo que se ha interpretado como un enfriamiento de las hostilidades    Con respecto a la sesión anterior  los contratos de futuros del WTI para entrega en noviembre perdieron 4 40 dólares  suponiendo la jornada con mayor pérdida diaria desde el 12 de julio de 2022  cuando el crudo de referencia cedió un 7 93    ,28 de octubre de 2024,2
 El petróleo de Texas abre con una caída de más del 6 2   en su peor arranque en dos años , Nueva York  28 oct  EFE    El precio del petróleo intermedio de Texas abrió este lunes con una caída del 6 26    hasta 67 29 dólares el barril  su peor arranque en dos años  después de que Israel atacara el sábado territorio iraní pero no impactara contra instalaciones energéticas de la nación persa    Diez minutos después de la apertura de sesión  los contratos de futuros del WTI para entrega en noviembre perdían 4 49 dólares con respecto al cierre de la jornada anterior    A falta de ocho días paras las elecciones estadounidenses  que también influirán en los precios del crudo  el oro negro en EE UU  se encamina a su peor sesión desde el 12 de julio de 2022  cuando los precios cayeron un 7 93      La ofensiva del Estado israelí contra Irán tuvo menores consecuencias de las esperadas  con daños limitados y sin afectar a infraestructuras nucleares  petroleras o civiles    Además  no se reportó ninguna interrupción en la industria petrolera iraní  que representa en torno al 4   del suministro mundial  por lo que muchos operadores lo han interpretado como una desescalada del hipotético escenario de guerra abierta entre ambas potencias regionales  y esto ha hecho caer los precios    La atención se centrará ahora en si Irán contrarrestará el ataque en las próximas semanas     No buscamos la guerra  pero defenderemos nuestro país y los derechos de nuestro pueblo  Daremos una respuesta proporcionada a la agresión   afirmó el domingo el presidente iraní  Masoud Pezeshkian  tras una reunión con su equipo de Gobierno    Este contexto de incertidumbre geopolítica coincide con el temor a un exceso de producción impulsado por Estados Unidos que continúe perjudicando a los precios del crudo a nivel global     Los miembros de la OPEP  tienen previsto aumentar la producción en diciembre  lo que aumenta la amenaza de un superávit en el mercado mundial del petróleo   detalló hoy el analista Tom Essaye en su informe diario  The Sevens Report     El crudo de Texas había terminado el viernes con una subida semanal del 3 7    después de haber retrocedido el miércoles y el jueves debido a datos bajistas de la Administración de Información Energética de Estados Unidos  que mostraron una mayor debilidad en las tendencias de la demanda de gasolina durante el verano    En otros mercados  los futuros del crudo de referencia mundial Brent también caían un 5 94    a 71 53 dólares por barril  a primera hora de la mañana en la costa este de EE UU    Asimismo  el gas natural se desplomaba más de un 8    a 2 34 dólares por mil pies cúbicos  después de que el mercado esté interpretando el limitado ataque de Israel contra Irán como una reducción de los riesgos de que este último acabe bloqueando el estrecho de Ormuz y  por ende  las exportaciones de gas    Los contratos de gasolina para entrega en noviembre también bajaron considerablemente  4 24    hasta 1 99 dólares el galón  ,28 de octubre de 2024,13
 La bolsa sube el 0 77   al cierre y supera el nivel de 11 900 puntos por Wall Street y el petróleo , Madrid  28 oct  EFE    La Bolsa española ha subido este lunes el 0 77   y ha recuperado el nivel de 11 900 puntos impulsada por el avance de Wall Street y de las plazas europeas  así como por la bajada del precio del petróleo    El índice de referencia del parqué nacional  el IBEX 35  ha ganado 91 5 puntos  ese 0 77    hasta 11 904 puntos  con lo que vuelve a niveles de diez días atrás  En el año se revaloriza el 17 84      La Bolsa española pasó toda la jornada con ganancias que se consolidaron al final de la sesión y le permitieron superar la cota de 11 900 puntos gracias a la subida del   0 72 de Wall Street  que se situaba en zona de máximos históricos a la espera de conocer los resultados de las grandes compañías tecnológicas estadounidenses  El barril de petróleo Brent bajaba el 5 44   y se cambiaba a 71 91 dólares    De los grandes valores solo bajó Repsol  el 1 34    segunda mayor caída del IBEX  mientras que Banco Santander ha subido el 1 25    Iberdrola el 0 86    Telefónica el 0 44    Inditex el 0 26   y BBVA el 0 18    ,28 de octubre de 2024 Actualizado el 28 10 2024,4
 Maduro y el presidente de Irán repasan en Rusia acuerdos en materia de petróleo y minería , Caracas  24 oct  EFE    El presidente de Venezuela  Nicolás Maduro  y su homólogo de Irán  Masoud Pezeshkian  repasaron este jueves un conjunto de acuerdos bilaterales en materia de petróleo  minería y salud  entre otros sectores  durante una reunión al margen de la cumbre BRICS en Rusia  informó la estatal Venezolana de Televisión  VTV     El medio público señaló que ambos países  que acordaron en 2023 elevar a 10 000 millones de dólares la cooperación económica y comercial  tienen un  papel preponderante en la geopolítica actual y son actores claves en el equilibrio del mercado energético     En Telegram  el jefe de Estado venezolano aseguró que su país e Irán siempre han mantenido una  unidad inquebrantable  y continúan  dando un mensaje  con  pasos agigantados para la consolidación de la construcción del mundo multipolar       Somos un bloque unitario que avanza hacia una geopolítica sin colonialismo ni hegemonías    expresó Maduro    Según una nota de la Vicepresidencia  la nación caribeña firmó en 2022 un acuerdo con Irán de 20 años para la colaboración en el  sector energético y otros ámbitos   sin precisar más detalles al respecto    Asimismo  destacó que Irán ofreció su respaldo a la aspiración de Venezuela de ingresar a los BRICS  fundado por Brasil  Rusia  India  China y Sudáfrica   con la intención  según Maduro  de  contrarrestar las arremetidas internacionales que afectan  a su Gobierno  un anhelo frustrado por la decisión del gigante suramericano de vetar ese ingreso  lo que Caracas ve como un  gesto hostil  y una  agresión     Maduro llegó el martes a la ciudad rusa de Kazán para participar en la XVI Cumbre del grupo de economías emergentes  donde este jueves abogó por una  nueva economía incluyente de países independientes que aspiran a la felicidad social y a la dignidad   ,25 de octubre de 2024,7
 Los ministros de Petróleo de Nicolás Maduro  cara y cruz de la misma moneda , Caracas  21 oct  EFE    Cinco de los ocho ministros de Petróleo que ha tenido Venezuela desde la llegada de Nicolás Maduro a la Presidencia  en 2013  han sido acusados de varios delitos  en su gran mayoría corrupción   de los cuales cuatro fueron detenidos  el último  Pedro Tellechea  y uno  según las autoridades  es un  prófugo de la Justicia     Tellechea  cuya captura se hizo pública este lunes tras ser detenido el fin de semana  se convirtió en la quinta persona que ha estado al frente de esta institución que es acusada por la Fiscalía  que lo señala de  graves  acciones contra los  más altos intereses  del país  entre ellas  la entrega del  cerebro  de la estatal Pdvsa a una  empresa controlada por los servicios de inteligencia  de EE UU     A continuación  los ministros de Petróleo que ha tenido el país con las mayores reservas probadas de crudo  desde la llegada de Maduro al poder  en 2013    Rafael Ramírez  2002 2014    Tras su salida del ministerio  pasó a ser  por tres meses  canciller de Maduro y luego embajador ante la ONU  hasta su renuncia en 2017  cuando la Fiscalía anunció una investigación en su contra y dejó Venezuela  En 2020  el Supremo solicitó a Italia  donde todavía vive  su extradición por los delitos de  peculado doloso propio  evasión de procedimiento licitatorio y asociación     Asdrúbal Chávez  2014 2015    Tras 12 años de la era  roja rojita  de Ramírez  un nuevo rostro encabezó la institución a partir de 2014  cuando el primo del fallecido mandatario Hugo Chávez  1999 2013  fue designado ministro de Petróleo  cargo que ocupó hasta 2015  Luego  en 2017  fue nombrado presidente de Citgo  la filial de Pdvsa en EE UU    y en 2020  al frente de la estatal venezolana    Eulogio del Pino  2015 2016    En 2015  el entonces presidente de Pdvsa  Eulogio del Pino  se convirtió también en ministro  gracias a su  basta experiencia en la industria   como lo describió entonces Maduro  En 2017  fue detenido por su presunta responsabilidad en un caso de corrupción en la empresa mixta Petrozamora  en la que se perdieron 15 millones de barriles  tasados en centenares de millones de dólares   y acusado de  alteración intencional de cifras     Nelson Martínez  2017    En enero de 2017  el entonces presidente de Citgo fue nombrado ministro de Petróleo  y en noviembre de ese año fue arrestado  junto con Del Pino  por su  presunta vinculación con la firma del contrato de refinanciamiento de deuda  de la empresa en EE UU    sin contar con el beneplácito del Ejecutivo   En diciembre de 2018  murió bajo custodia del Estado y  según el chavismo  por  complicaciones cardíacas     Manuel Quevedo  2017 2020    En noviembre de 2017  el mayor general entró al ministerio y a Pdvsa  para hacer una  reestructuración total  y lograr una  limpieza  en la compañía  Hoy es diputado del gobernante Partido Socialista Unido de Venezuela  PSUV  y miembro de la Comisión de Seguridad y Defensa de la Asamblea Nacional  AN  Parlamento   controlada por el chavismo    Tareck el Aissami  2020 2023    Si Ramírez fue el zar petrolero de Chávez  El Aissami fue el de Maduro  quien lo nombró en abril de 2020 ministro del área y encomendó una reestructuración de la institución  Cuatro años después  el también exgobernador y ex vicepresidente ejecutivo fue detenido por varios delitos  entre ellos  traición a la patria  apropiación o distracción del patrimonio público y legitimación de capitales    Pedro Tellechea  2023 2024    Tras la renuncia de El Aissami  se convirtió en ministro de Petróleo  cargo que ejerció hasta el pasado agosto  cuando Maduro lo envió a la cartera de Industrias y Producción Nacional  donde estuvo menos de dos meses  al ser sustituido el 18 de octubre por Alex Saab  quien estuvo preso en EE UU   acusado de conspiración para lavado de dinero  Tellechea  quien aclaró que renunció por  problemas de salud   fue detenido este domingo    Delcy Rodríguez  2024 actualidad    En agosto  y en plena crisis política desatada tras la controvertida reelección de Maduro en los pasados comicios  el jefe de Estado nombró a su vicepresidenta ejecutiva como ministra petrolera  como parte de una  renovación  del Ejecutivo para conformar un  Gobierno popular  y construir  el socialismo territorial   según explicó entonces el mandatario  ,22 de octubre de 2024,19
 Detenido exministro de Petróleo de Venezuela Pedro Tellechea por delitos contra la nación , Caracas  21 oct  EFE    El exministro de Petróleo y presidente de PDVSA Pedro Tellechea fue detenido este domingo junto a sus  más inmediatos colaboradores  por la  comisión de graves delitos que atentan contra los más altos intereses de la nación   informó este lunes la Fiscalía    A través de un comunicado de Instagram  la Fiscalía destacó  entre  las diferentes causas que se le siguen   la  entrega del Sistema de Control y Mando Automatizado  conocido como el cerebro de PDVSA  a una empresa controlada por los Servicios de inteligencia de EE UU   vulnerando así todos los mecanismos legales  de la soberanía de Venezuela  ,21 de octubre de 2024,2
 El petróleo de Texas cae un 4 4   hasta 70 58 dólares el barril , Nueva York  15 oct  EFECOM    El precio del petróleo intermedio de Texas cayó este martes un 4 4    hasta 70 58 dólares el barril  al disiparse los temores por un ataque de Israel contra instalaciones petroleras de Irán    Al cierre de la jornada en la Bolsa Mercantil de Nueva York  Nymex   los contratos de futuros del WTI para entrega en noviembre restaron 3 25 dólares respecto al cierre del viernes  pues ayer fue festivo en EE UU    El crudo de referencia estadounidense cerró la semana pasada con una subida del 1   tras atravesar cierta volatilidad por la situación el Oriente Medio  el huracán Milton en EE UU  y las perspectivas de mercado globales    Los petroprecios subieron por el temor a que Israel atacara activos petroleros de Irán en respuesta a su ataque con misiles contra el estado hebreo del 1 de octubre  en el que tomó represalias por ofensivas israelíes previas    Esa posibilidad parece descartada  ya que el Gobierno israelí ha comunicado a EE UU  que planea limitarse a objetivos militares y no tocar instalaciones petroleras ni nucleares  según asegura hoy The Washington Post    Así  el riesgo geopolítico que había motivado el encarecimiento del  oro negro  en las últimas semanas se ha ido disipando y dejando de nuevo en primer plano los factores económicos del mercado    En ese sentido  la Agencia Internacional de la Energía  AIE  auguró este martes una desaceleración de la demanda de petróleo en 2024 y 2025  esencialmente por la caída en China    El organismo también previó un  considerable excedente  de oferta el año que viene y dijo que está preparada para cubrir posibles interrupciones de suministro por el conflicto en Oriente Medio    En otros mercados  los contratos de gas natural para entrega en noviembre subieron a 2 498 dólares por mil pies cúbicos y los contratos de gasolina con vencimiento en el mismo mes bajaron a 2 037 dólares el galón  EFECOM   nqs fjo jla ,15 de octubre de 2024 Actualizado el 15 10 2024,10
 Inseguridad alimentaria en Venezuela , Nos ha llamado mucho la atención el dato  facilitado por la Organización de las Naciones Unidas para la Alimentación y la Agricultura  FAO   de ahí que lo comentemos  5 1 millones de personas padecen hambre en Venezuela  situada en América del Sur y que tiene una superficie de 912 050 Km2  La República Bolivariana  con una población de 28 199 867 personas  se encuentra en la posición 52 de la tabla de población  compuesta por 196 países y presenta una moderada densidad de población  31 habitantes por Km2  Venezuela es la economía número 72 por volumen de Producto Interior Bruto  PIB   Su deuda pública en 2017 fue de 26 663 millones de euros  con una deuda del 133 61   del PIB está entre los países con más deuda respecto al PIB del mundo  Su deuda per cápita es de 872 euros por habitante  La última tasa de variación anual del IPC publicada en Venezuela es de septiembre de 2024 y fue del 25 8     El PIB per cápita es un muy buen indicador del nivel de vida y en el caso de Venezuela  en 2018  fue de 2 895 euros  por lo que se encuentra con esta cifra en la parte final de la tabla  en el puesto 137  Sus habitantes tienen un bajísimo nivel de vida en relación a los 196 países del ranking de PIB per cápita    En cuanto al Índice de Desarrollo Humano  IDH   que elabora las Naciones Unidas para medir el progreso de un país y que en definitiva nos muestra el nivel de vida de sus habitantes  indica que los venezolanos tienen una mala calidad de vida    En cuanto al Índice de Percepción de la Corrupción del sector Público en el país  ha sido de 14 puntos  así pues  por l o que puede decirse que está entre los países con mayor corrupción en el sector público  de los 180 países analizados    Los datos  expuestos de forma muy sucinta  sirven para entender el malestar de la ciudadanía y por qué una de las economías mundiales basada en la explotación de sus recursos naturales ha entrado en un declive galopante  El régimen revolucionario  primero de Hugo Chávez y después de Nicolás Maduro  independientemente de las connotaciones políticas  camina hacia el abismo de mantenerse estas coordenadas políticas    De ahí la importancia del dato introductorio  Susana Rafalli  experta en nutrición y asistencia humanitaria  y pone de relieve la inseguridad alimentaria en el país hermano  aunque ya no tanto  si permiten la licencia     Durante una reunión virtual con el Movimiento en Defensa de la Constitución y la Democracia  Decode   Rafalli resaltó que la crisis alimentaria en el país se compara con las que atraviesan naciones en guerra o afectadas por desastres naturales  Esta inseguridad  considerada severa por responsables de la FAO significa que no tienen acceso regular a alimentos suficientes y nutritivos  La situación venezolana se agrava por la escasez de alimentos básicos  el aumento de los precios y la disminución de la capacidad adquisitiva de la población    De acuerdo con Rafalli  la desnutrición aguda infantil supera en cuatro veces el promedio regional de Suramérica  situación que se ve agravada por la disminución de la cooperación internacional y las dificultades para acceder a los alimentos básicos    La experta destacó que la crisis alimentaria ha llevado a las familias a adoptar estrategias de supervivencia extremas  como reducir el número de comidas  pedir prestados alimentos o incluso saltarse comidas  Además  la desnutrición crónica en niños y niñas está generando un impacto negativo en su desarrollo físico y cognitivo a largo plazo  La FAO señala que algo  más de cinco millones de venezolanos  cerca del 17   de la población  afrontan una situación de inseguridad alimentaria moderada y severa  El Panorama Regional de la Seguridad Alimentaria y Nutricional de la ONU de 2022 indicó que la República Bolivariana tiene la mayor prevalencia de subalimentación de Suramérica  Rafalli alertó que las consecuencias de esta crisis alimentaria son devastadoras para la salud y el desarrollo de la población  especialmente para los niños  las mujeres embarazadas y los adultos mayores    Una revolución fracasada  Y encima ahora  dos presidentes  Oscuro panorama  desde luego  ,10 de noviembre de 2024,10
 El fiscal de Venezuela denuncia campaña para mostrar a  criminales  como presos políticos , Caracas  11 nov  EFE    El fiscal general de Venezuela  Tarek William Saab  denunció este lunes una campaña para mostrar a  criminales  capturados en el contexto de protestas poselectorales como presos políticos  y reiteró que en el país  no hay niños detenidos   como denuncia la oposición mayoritaria    El titular del Ministerio Público  MP  Fiscalía  aseguró que  en los últimos días  ha arreciado esa campaña  con el objetivo de  mal poner  dañar y estigmatizar a la democracia venezolana y sus autoridades   así como para hacer ver a  quienes cometieron estos hechos  que están detenidos  como si fuesen héroes      Estas personas no son presos políticos  no son presos de conciencia  son criminales que se prestaron para acciones terroristas  delictivas  pagados por los mal llamados comanditos       y desencadenar en Venezuela una guerra civil   dijo Saab  en referencia a los grupos de organización política de la oposición mayoritaria    En ese sentido  tildó de  antiético  que se presenten  estos casos como si tuvieran un carácter político     Por otra parte  aseguró que  no hay niños detenidos   sino  adolescentes que  lamentablemente  han confesado  que  dijo   fueron utilizados  para  ocasionar estos actos de violencia     Según cifras oficiales  las protestas desatadas contra la controvertida reelección del presidente Nicolás Maduro en los comicios del 28 de julio dejaron 28 muertes  incluyendo las de dos militares  y unos 1 000 heridos  por lo que fueron detenidas más de 2 400 personas     Muchos de ellos recibieron disparos  puñaladas  fueron golpeados   dijo el fiscal  quien aseguró que  desde entonces  la institución no ha recibido  una sola denuncia  que vincule alguna de esas muertes con cuerpos de seguridad del Estado  a los que la PUD acusa de represión    Según la ONG Foro Penal  hay 1 963  presos políticos  en Venezuela  de los cuales 1 836 fueron detenidos tras las presidenciales  en las que la principal coalición opositora  la Plataforma Unitaria Democrática  PUD  asegura que ganó su candidato  Edmundo González Urrutia  por un amplio margen    Del total  69 son menores de edad y tienen entre 14 y 17 años  de acuerdo a la organización  que asegura registrar  el mayor número de presos con fines políticos conocido en Venezuela  al menos  en el siglo XXI     Dirigentes opositores y ONG exigen a diario  a través de redes sociales  la liberación  inmediata  de los detenidos por motivos  políticos   entre ellos  de los cerca de 170 militantes y activistas de partidos que  denuncian  están tras las rejas  ,11 de noviembre de 2024,10
 Cinco heridos tras la explosión en Venezuela de un gasoducto de la estatal petrolera Pdvsa , Caracas  11 nov  EFE    Cinco personas resultaron heridas este lunes en Venezuela debido a la explosión de un gasoducto de la estatal petrolera Pdvsa  ubicado en el estado Monagas  este   tras lo cual se produjo un incendio que está siendo combatido por bomberos en el Complejo Operativo Muscar  donde se desplegaron otros funcionarios de seguridad y rescate  según informó el Gobierno     Hasta el momento  se han atendido en centros de salud a cinco trabajadores con lesiones a causa de la explosión  garantizándoles la atención médica especializada y brindando todo el apoyo requerido   señaló Pdvsa en un comunicado  publicado en Telegram   en el que no hay más detalles sobre los heridos    La empresa indicó que un equipo conformado por trabajadores de la industria petrolera  Protección Civil y Guardia Nacional Bolivariana  GNB  se mantienen en el sitio  desde el momento en que fue reportado el incidente para llevar a cabo las labores pertinentes y mitigar el evento     Asimismo  explicó que el equipo técnico trabaja para lograr el  control total de la eventualidad   al tiempo que  determina las extrañas circunstancias del incidente que lo perfilan como un ataque a  esta industria     El personal técnico realiza maniobras apegadas a los protocolos de seguridad  para resguardar la integridad del personal de la industria petrolera y de las comunidades cercanas   añadió    El pasado 15 de octubre se registró un incendio en un tanque de almacenamiento de crudo ubicado en la ciudad de Cabimas  en el estado Zulia  en el noroeste del país  provocado por un rayo  según informó entonces Pdvsa    El pasado febrero  se produjo un incendio parcial en una empresa dedicada al tratamiento de desechos petroleros ubicada cerca de Cabimas  como consecuencia de la propagación de incendios forestales alrededor de las instalaciones   que posteriormente fue controlado  según informó entonces a EFE el comandante general del cuerpo de bomberos de esa ciudad  Mufid Houmeidan  ,11 de noviembre de 2024,7
 Lula afirma que Maduro es un  problema  de Venezuela y no de Brasil tras las tensiones , Brasilia  11 nov  EFE    El presidente brasileño  Luiz Inácio Lula da Silva  afirmó que su homólogo venezolano  Nicolás Maduro  es un  problema  de Venezuela y no de Brasil  por lo que no puede continuar preocupándose por la política del país vecino  con el que han surgido tensiones diplomáticas     Tenemos que tener mucho cuidado cuando lidiamos con otros países y otros presidentes  Yo creo que Maduro es un problema de Venezuela  no es un problema de Brasil   declaró en entrevista con la cadena de televisión RedeTV  retransmitida la noche del domingo    Lula afirmó que quiere que Venezuela  viva bien  y que sus autoridades cuiden de los ciudadanos  con dignidad   pero buscó alejarse de la crisis desatada tras el cuestionado triunfo electoral de Maduro  que no ha sido reconocido por Brasil ante la falta de difusión de las actas     No puedo continuar preocupándome  Un día pelearme con Nicaragua  otro con Venezuela  otro pelearme con no sé quién   aseguró  antes de decir que su responsabilidad era luchar para que Brasil vaya en la dirección correcta    Después de que el Gobierno brasileño vetara la entrada de Venezuela como miembro asociado del grupo de países emergentes BRICS  las autoridades venezolanas criticaron el  injerencismo  del país vecino y llamó a consultas a su embajador en Brasilia    Además  la Policía Nacional Bolivariana publicó una imagen con una silueta de Lula sobre la bandera de Brasil  en la que escribió  el que se mete con Venezuela se seca     El Ejecutivo de Lula criticó el tono  ofensivo  de esas manifestaciones y dijo que el uso de  ataques personales   en vez de los canales políticos y diplomáticos tradicionales   no se corresponde con la forma respetuosa con que el Gobierno brasileño trata a Venezuela     Desde que el Consejo Nacional Electoral  CNE  venezolano declaró el triunfo de Maduro en los comicios del 28 de julio  el mandatario brasileño ha intentado mediar en el conflicto y ha reclamado que las autoridades del país caribeño publiquen las actas electorales  un pedido que ha sido ignorado  ,11 de noviembre de 2024,8
 Un partido opositor de Venezuela exige la libertad de un dirigente detenido hace 100 días , Caracas  10 nov  EFE    El partido opositor venezolano Voluntad Popular  VP   liderado por Leopoldo López  exigió este domingo al Gobierno liberar  inmediatamente  a su dirigente Roland Carreño  detenido el 2 de agosto por  el régimen de Nicolás Maduro   según la formación     La dictadura se ha ensañado con él por el simple hecho de decir siempre la verdad y por luchar por una Venezuela libre y democrática   aseguró VP en una publicación en X  donde también expresó que Carreño  detenido por segunda vez   nunca ha debido estar preso y debe estar libre     El también periodista fue detenido  por primera vez  el 26 de octubre de 2020  acusado de financiamiento al terrorismo  conspiración y tráfico ilícito de armas de guerra  y excarcelado el 18 de octubre del año pasado  tras un acuerdo firmado entonces entre el Gobierno y la principal coalición opositora  la Plataforma Unitaria Democrática  PUD   en Barbados    VP aseguró que  sumando esa primera detención  Carreño  ha pasado 1 188 días privado de su libertad injustamente   por lo que espera que  más pronto que tarde  haya  justicia  en su caso     Habrá memoria y reparación  Liberen a Roland    escribió el partido en la red social  donde compartió una imagen con el rostro del dirigente antichavista    En Venezuela hay 1 963  presos políticos   según la ONG Foro Penal  de los cuales 1 836 fueron detenidos tras las elecciones presidenciales del pasado 28 de julio  en las que Maduro fue declarado ganador  un resultado señalado como fraudulento por la PUD  que insiste en que su candidato  Edmundo González Urrutia  venció por un amplio margen  ,11 de noviembre de 2024,6
 La ONG Foro Penal asegura que hay 1 963  presos políticos  en Venezuela , Caracas  9 nov  EFE    En Venezuela hay 1 963  presos políticos   según el cómputo de la organización no gubernamental Foro Penal publicado este sábado  cuando registra cinco más en comparación con el balance de la semana anterior    Indicó que  del total  1 836 fueron detenidos tras las presidenciales del pasado 28 de julio  cuando se desató una crisis política luego de que el Consejo Nacional Electoral  CNE  declaró ganador al mandatario Nicolás Maduro y la oposición mayoritaria denunció fraude    De acuerdo a las cifras publicadas en X por el presidente de la ONG  Alfredo Romero  69 de los  presos políticos  son menores de edad y tienen entre 14 y 17 años    Por otra parte  1 720 son hombres y 243 mujeres  mientras que 1 801 son civiles y 162 militares  siempre según la organización  que asegura registrar  el mayor número de presos con fines políticos conocido en Venezuela  al menos  en el siglo XXI     Este viernes  familiares de detenidos concluyeron una vigilia de oración cerca de la cárcel de Tocorón  en el estado Aragua  norte   donde exigieron la  libertad plena  de los  presos políticos   según informó entonces la organización no gubernamental Comité por la Libertad de los Presos Políticos    A través de X  detalló que la actividad  que comenzó el jueves  finalizó con una caminata frente al penal  donde  según la ONG  están recluidos más de 900  presos políticos  detenidos en el contexto postelectoral    La líder opositora María Corina Machado  quien dice estar en la clandestinidad  expresó este sábado su compromiso con la libertad de  más de 3 500 presos políticos  en América Latina  entre ellos  los que  afirma  hay en Venezuela  que confía en que también  será libre   ,10 de noviembre de 2024,7
 Machado urge a la justicia internacional a intervenir en Venezuela , Ciudad de México  8 nov  EFE    La líder de la oposición venezolana  María Corina Machado  hizo este viernes un llamamiento a la justicia internacional para que actúe y disuada al régimen del presidente de Venezuela  Nicolás Maduro a que detenga la persecución de ciudadanos y negocie con la oposición     Maduro se va a sentar a negociar el día en que el costo de quedarse aferrado a la fuerza en el poder sea más alto que el costo de aceptar una negociación para la transición  Y no estamos ahí todavía   señaló Machado durante su participación vía remota en el Foro América Libre  realizado en la capital mexicana    De cara al 10 de enero  cuando está previsto que tome posesión el presidente electo  como establece la Constitución venezolana  Machado afirmó que seguirá luchando  hasta el final  y pidió el apoyo de los países del mundo    La líder opositora dijo que  Maduro siente hoy que puede cometer todo tipo de abusos y crímenes de lesa humanidad  y la reacción de la comunidad internacional será cero   aunque reconoció que ha habido  importantes declaraciones e informes de organizaciones de Derechos Humanos      Pero la justicia internacional tiene que actuar  porque es la manera de disuadir a aquellos que hoy están siendo presionados por Maduro a continuar persiguiendo  torturando y asesinando venezolanos   sostuvo     Al elevar este costo de la represión  nosotros  los venezolanos  podemos ejercer mucha más presión interna sin los costos que hemos asumido hasta ahora   agregó  en referencia a los miles de perseguidos por el gobierno tras las últimas elecciones    Asimismo  en el plano diplomático  pidió reconocer al excandidato opositor Edmundo González Urrutia como el presidente electo de Venezuela  pese a que el presidente actual fue proclamado vencedor por el Consejo Nacional Electoral  CNE  en los comicios del pasado 28 de julio     Hay que lograr presionar a que Nicolás Maduro entienda que la comunidad internacional no va a pasar la página  El 28 de julio es un antes y un después que no nos va a abandonar nunca  y al igual que nosotros  esta lucha tiene un solo destino  la libertad de Venezuela y el regreso de nuestros hijos a casa   insistió    Asimismo  Machado agradeció a los países que han reconocido a González Urrutia  entre ellos  Argentina  Chile y Ecuador    En su segunda edición este año  el Foro América Libre reunió del 6 al 9 de noviembre representantes de 70 países en la capital mexicana  en busca ser un contrapeso al Foro de Sao Paulo  que congrega a la izquierda latinoamericana  , 8 de noviembre de 2024,10
 Venezuela condena el atentado en estación de tren en Pakistán que dejó al menos 24 muertos , Caracas  9 nov  EFE    El Gobierno de Venezuela condenó el atentado suicida que causó  al menos  24 muertos y 40 heridos este sábado en una estación de tren de la ciudad de Quetta  en el oeste de Pakistán  y transmitió sus condolencias a los familiares de las víctimas    En un comunicado  el Ejecutivo de Nicolás Maduro expresó su  condena en los términos más enérgicos  al atentado y su repudio a  cualquier expresión de carácter terrorista que ponga en riesgo la paz y la estabilidad de la región y del mundo      Venezuela  fiel a sus principios de solidaridad y hermandad  hace votos por la pronta recuperación de los heridos  y transmite las más sentidas palabras de condolencias a los familiares de las víctimas  a las Fuerzas Armadas y al Gobierno de Pakistán ante este doloroso acontecimiento   agregó    La explosión en la estación de tren en Quetta  de la violenta provincia de Baluchistán  se produjo cuando miembros de infantería del Ejército paquistaní regresaban de un curso de formación    El Ejército de Liberación de Baluchistán  BLA   un grupo nacionalista baluchi que lucha contra Islamabad por un Baluchistán independiente  reclamó la autoría del ataque en un comunicado difundido en redes sociales  en el que asegura que tenía como objetivo a miembros del Ejército que se encontraban en la estación    Según el comisionado de la División de Quetta  Hamza Shafqat  algunas de las víctimas mortales son miembros de las fuerzas de seguridad    Pakistán ha visto un aumento de ataques terroristas alarmante  particularmente en las provincias de Baluchistán y Khyber Pakhtunkhwa  ambas fronterizas con Afganistán    El atentado se produce apenas una semana después de que otra explosión cerca de una escuela y un hospital de otra ciudad de Baluchistán matara a ocho personas  incluidos cinco niños  , 9 de noviembre de 2024,8
 Concluye en Venezuela la vigilia por la  libertad plena  de los  presos políticos  , Caracas  8 nov  EFE    Familiares de detenidos en Venezuela concluyeron este viernes una vigilia de oración cerca de la cárcel de Tocorón  en el estado Aragua  norte   donde exigieron la  libertad plena  de los  presos políticos   informó la organización no gubernamental Comité por la Libertad de los Presos Políticos    A través de X  detalló que la actividad  que comenzó el jueves  finalizó con una caminata frente al penal  donde  según la ONG  están recluidos más de 900  presos políticos  detenidos en el contexto postelectoral  cuando se desató una crisis tras la denuncia de  fraude  de la oposición mayoritaria en el resultado oficial de las presidenciales  que dio la reelección a Nicolás Maduro    Los manifestantes encendieron velas blancas la noche del jueves con las que formaron la palabra  libertad  y extendieron carteles con fotos de sus allegados  además de elevar mensajes como  Navidad sin presos políticos en Tocorón     Esta prisión  además de la conocida como Tocuyito  estado Carabobo   fue intervenida el año pasado por el Gobierno en un operativo contra bandas criminales  entre ellas el  Tren de Aragua   que operaban desde estas y otras cárceles del país    Este año  fueron convertidas en centros de reclusión de  máxima seguridad  para encerrar a  todos los guarimberos  manifestantes violentos    dijo Maduro el pasado agosto  luego de que se desataran las protestas  que dejaron  según cifras oficiales  más de 2 400 detenidos y 27 muertes    El jueves  una veintena de personas se reunieron a las afueras del Palacio de Justicia en Caracas  donde solicitaron al mandatario una  medida de gracia  para la libertad  plena e inmediata  de sus familiares  detenidos también tras las presidenciales    La ONG Foro Penal computa un total de 1 958 presos por razones  políticas   la gran mayoría detenidos tras las elecciones   de los cuales 69 son menores de edad  con edades de 14 a 17 años  según detalló la organización  , 8 de noviembre de 2024,7
 Trasladan a 27 presos en Venezuela en medio de protestas por  hacinamiento   dice ONG , Caracas  8 nov  EFE    Al menos 27 presos fueron trasladados desde cuatro calabozos del estado venezolano de Lara  oeste   donde en tres de ellos los reos mantienen una huelga de hambre en protesta contra el  hacinamiento  y el  retardo procesal   informó este viernes la ONG Una Ventana a la Libertad  UVL     A través de una nota de prensa  la ONG detalló que los presos serán trasladados a una cárcel del estado Carabobo  norte   sin precisar cuál    Los reos continuarán la huelga de hambre y mantendrán su denuncia a pesar de los traslados  afirmó UVL  ya que  de acuerdo a los reportes de familiares  las autoridades  no atendieron con detalles a todos los que están en huelga     La protesta la iniciaron el lunes 48 reos de una subdelegación del Cuerpo de Investigaciones Científicas  Penales y Criminalísticas  CICPC  de Lara  a la que se sumaron dos días después 69 detenidos en un segundo calabozo y  el jueves  otros 76 de un tercer centro  según informó la ONG Observatorio Venezolano de Prisiones  OVP      Recordemos que el CICPC fue creado para la investigación criminalística y sus funcionarios no fueron y no están formados para cuidar presos   sostuvo la ONG    Humberto Prado  director del OVP  dijo recientemente a EFE que desde el OVP estiman que  de unos 23 000 presos en calabozos policiales  alrededor del 85   están en retardo procesal    Esto se debe  aseguró  a la  falta de algunas partes en el juicio  a la falta de que se presenten testigos   entre otras  lo que hace que el caso se difiera    El OVP afirmó que los presos iniciaron la huelga como una  medida extrema  que refleja  desesperación ante condiciones carcelarias inhumanas  además de ejercer una presión sobre las autoridades para responder a sus demandas     Asimismo  alertó sobre las  consecuencias graves y progresivas para la salud  de una huelga de hambre  ya que  puede provocar pérdida de peso acelerada  deshidratación y deterioro de funciones vitales     La ONG exigió a la Fiscalía y la Defensoría del Pueblo atender de  manera urgente  la  crítica situación   de la que el observatorio ha informado al Sistema Interamericano y Universal de los Derechos Humanos  con el objetivo de  visibilizar las violaciones que sufren los internos y de presionar para que se tomen medidas concretas   , 9 de noviembre de 2024,10
 Compromís alerta de que la entrada de Arabia Saudí en la puja por la Copa América elevaría su coste a 200 millones , La portavoz adjunta de Compromís en las Cortes Valencianas  Isaura Navarro  ha registrado una serie de iniciativas parlamentarias pidiendo transparencia al Consell sobre la intención de postular València como sede de la próxima edición de la Copa del América  En concreto Navarro reclama saber quién está negociando  cuánto dinero piensan destinar y de qué partidas piensan retraer el dinero necesario para organizar este acontecimiento    En esa misma línea el diputado en el Congreso  Alberto Ibáñez  ha registrado también una serie de preguntas dirigidas al gobierno central sobre su posicionamiento ante la posibilidad de que València acoja la próxima edición de la Copa de la América    Navarro ha recordado que  mientras en ediciones anteriores el canon para acoger el acontecimiento rondaba los 80 millones de euros  al parecer para la próxima edición los organizadores ya están hablando de una aportación de 200 millones para asegurar la celebración de la competición   Esa es una de las cuestiones sobre las que exigimos transparencia  Estamos hablando de una competición que ya cuenta con propuestas de países como Arabia Saudí  con una capacidad de financiación desproporcionada  y  aun así  los gobernantes del PP quieren competir utilizando dinero público  Es una tomadura de pelo a la ciudadanía  especialmente cuando se trata de un acontecimiento elitista que genera déficit público  que pagamos entre todos   ha denunciado    La portavoz adjunta ha destacado la contradicción de destinar una cantidad tan elevada de recursos mientras el gobierno valenciano de Mazón justifica recortes en educación y sanidad por falta de presupuesto   No es coherente que el Consell esté enviando cartas a los maestros despidiéndolos por falta de fondos  o retrasando los pagos a los proveedores  y  al mismo tiempo  pretenda regalar 200 millones de euros para un acontecimiento que solo será puro déficit para las arcas públicas     Isaura Navarro ha alertado  además  de los posibles intereses ocultos que podrían esconderse detrás de esta iniciativa   Parece que los gobernantes del PP buscan con esto lo de siempre  la corrupción  No podemos olvidar que  según destapó el medio de comunicación La Directa  los organizadores de la Copa del América en Barcelona falsearon todos los datos sobre el impacto y el retorno del acontecimiento en la ciudad  Además  hizo falta mucha más inversión pública para el acontecimiento de la que inicialmente se previó  Tenemos que ser prudentes y evitar que València sea víctima de otro engaño como ese     Finalmente  la diputada ha subrayado que València ya sufre las consecuencias de un modelo turístico desbocado que crea problemas de convivencia y favorece la gentrificación   València no puede continuar apostando por eventos masivos que solo empeoran la situación  Es un grave error de Mazón y Català pensar que un acontecimiento como la Copa de la América puede beneficiar a la ciudad  cuando la realidad es que solo contribuirá a aumentar los problemas ya existentes     Compromís exige que el gobierno del PP priorice las necesidades reales de la ciudadanía y abandone las propuestas que supongan un derroche de dinero público  destinando los recursos a mejorar los servicios básicos y las infraestructuras que realmente contribuyen al bienestar de los valencianos y valencianas  ,28 de octubre de 2024 Actualizado el 28 10 2024,7
 Blinken pide poner fin a la guerra y aborda con Arabia Saudí la reconstrucción de Gaza ,  actualiza con audiencia con el príncipe heredero    Riad  23 oct  EFE    El secretario de Estado estadounidense  Antony Blinken  pidió este miércoles desde Arabia Saudí  poner fin a la guerra en Gaza y liberar a todos los rehenes   mientras que también abordó con las autoridades saudíes la reconstrucción del castigado enclave palestino una vez termine el conflicto    El jefe de la diplomacia estadounidense subrayó con su homólogo saudí  Faisal bin Farhan   la importancia de poner fin a la guerra en Gaza y liberar a todos los rehenes   según un comunicado emitido por el Departamento de Estado de EE UU  al término de la reunión mantenida entre ambos políticos en Riad    Por su parte  la agencia de noticias oficial saudí SPA se limitó a informar de que en el encuentro  se analizó la evolución de los acontecimientos regionales  sobre todo la situación en Gaza y en el Líbano   además de los esfuerzos conjuntos que se están ejerciendo para detener la escalada en Oriente Medio    Según el departamento estadounidense  Blinken y Bin Farhan también  continuaron las conversaciones sobre cómo establecer la seguridad  la gobernanza y la reconstrucción en el período posterior al conflicto  en la Franja de Gaza  completamente devastada tras más de un año de guerra  que ha causado la muerte de alrededor de 43 000 palestinos    Por otra parte  subrayaron la necesidad  de una solución diplomática en el Líbano   donde Israel inició una campaña de bombardeos masiva el pasado 23 de septiembre y  una semana después  comenzó una invasión terrestre en el sur del país mediterráneo que ha sido condenada por gran parte de la comunidad internacional    Posteriormente  Blinken se entrevistó con el príncipe heredero saudí  Mohamed bin Salmán  con quien abordó  los esfuerzos realizados para detener las operaciones militares y hacer frente a las repercusiones humanitarias y de seguridad  de las guerras en Gaza y en el Líbano  según un comunicado de Exteriores saudí    En una llamada telefónica anterior con el ministro de Exteriores de Jordania  Ayman Safadi  Blinken abordó las formas de implementar la resolución 1701 del Consejo de Seguridad de la ONU  que puso fin a la guerra que Israel y el grupo chií libanés Hizbulá libraron en 2006    El jefe de la diplomacia estadounidense aterrizó este miércoles en Arabia Saudí en el marco de su undécima gira por Oriente Medio desde el estallido de la guerra en Gaza  el 7 de octubre de 2023  aunque hasta el momento sus visitas a los países de la región no han dado resultados tangibles para la resolución del conflicto y prevenir su expansión en la zona    Ayer  Blinken destacó en Israel la necesidad de aprovechar la muerte la semana pasada en un enfrentamiento en el sur de Gaza del líder de Hamás  Yahya Sinwar  para lograr un acuerdo que permita liberar a los rehenes    Además de Israel y Arabia Saudí  Blinken viajará a Catar y al Reino Unido hasta el 25 de octubre para  analizar la importancia de poner fin a la guerra en Gaza  y planificar  el periodo posterior al conflicto   así como para alcanzar una resolución diplomática en el Líbano  según el Departamento de Estado de EE UU  ,23 de octubre de 2024,11
 La Biblioteca Vaticana  un enlace  diplomático  que acerca a la Santa Sede y Arabia Saudí , Ciudad del Vaticano  14 oct  EFE    La Biblioteca Vaticana  una de las más antiguas del mundo  se refuerza como  espacio de diplomacia cultural   Su vasta colección de documentos árabes e islámicos sirve para estrechar los lazos del Vaticano con Arabia Saudí  país con el que no tiene relaciones diplomáticas  pero con el que ahora hay un acercamiento  asegura a EFE su bibliotecario jefe  Angelo Zani    Con decenas de miles de textos antiguos o 1 6 millones de libros de gran valor histórico  esta institución en el corazón de la Ciudad del Vaticano fundada en el siglo XV no tiene solo una función académica o cultural  sino que estos años le ha servido a la Santa Sede para  abrir puertas  con Estados con los que no tenía vínculos formales  como fue el caso China hace unos años    El Gobierno saudí invitó hace poco a la  biblioteca del papa  a participar en la Bienal de Artes Islámicas del próximo enero que celebrará en Yeda  lo que muestra una sintonía que podría ayudar a una normalización futura de las relaciones con el Estado saudí  uno de los pocos países con los que el Vaticano aún no las ha formalizado    Primera colaboración entre el Vaticano y Arabia Saudí    Es la primera vez que se establece este lazo de colaboración con Arabia Saudí   un país que busca  un diálogo constante  con el Vaticano y que  está comenzando  por vías como la cultura  dice el bibliotecario en una entrevista con EFE en su despacho  donde destaca que la institución tiene miles de textos islámicos que han ayudado a  establecer contactos con el mundo árabe  en los últimos años     La biblioteca es un lugar de diplomacia cultural  tiene esta proyección   remarca Zani    Las relaciones exteriores del Vaticano se gestionan desde la Secretaría de Estado  pero órganos como la biblioteca contribuyen a su proyección  desde el punto de vista cultural   pues  tiene un patrimonio abierto a todos     El bibliotecario jefe será uno de los miembros de la delegación vaticana que acudirá en enero a la Bienal en Arabia Saudí  donde prevé reunirse también con altos cargos    Según Zani  la clase dirigente en torno al príncipe heredero saudí  Mohammed bin Salman  busca cosechar vínculos con el Vaticano como  puente  para  abrir horizontes con Occidente     Riad  que  es crítico con Occidente por sus valores y su secularización   ve a la Santa Sede como un nexo de unión por albergar una cierta  base de valores comunes  y tiene la  intención de dialogar con la Iglesia católica  a través de  los valores culturales      Es un proceso cultural de conocimiento y respeto recíproco  entre ambas partes  añade    Una voluntad común   Zani explica que hay contactos entre ambos Estados desde hace tiempo y que  la formalización final de relaciones dependerá de otros procesos   pero tiene claro que el vínculo actual a través de la biblioteca  abre posibilidades para un diálogo interreligioso  más profundo     La voluntad de colaborar mutuamente es muy clara desde la parte saudí como la nuestra  Es obvio que hay diferencias   pero  nosotros trabajamos para abrir todos los canales posibles de diálogo   alega  antes de concluir   Hay un proceso de cambio propio del actual momento histórico  y la Santa Sede  no se puede echar atrás     Durante su pontificado  Francisco ha insistido en tender puentes con el mundo islámico y fue el primer papa en viajar a la península arábiga  donde visitó Emiratos Árabes Unidos y Baréin  con quién el Vaticano sí tiene relaciones diplomáticas oficiales    Aparte de con el Estado saudí  cuna la Meca y de la tradición islámica  la Santa Sede tampoco tiene relaciones diplomáticas con otros países como Afganistán  Bután  China  Corea del Norte o Maldivas  mientras que en febrero de 2023 estableció lazos plenos con Omán  país islámico fronterizo con Arabia Saudí     Joan Mas Autonell ,14 de octubre de 2024,17
 Filipinas revela que uno de sus nacionales ha sido ejecutado en Arabia Saudí por asesinato , Manila  8 oct  EFE    Las autoridades de Filipinas indicaron este martes que un ciudadano filipino fue ejecutado el sábado en Arabia Saudí  donde había sido condenado por asesinato  tras tratar infructuosamente de impedir la ejecución por vías diplomáticas     Fue una tragedia terrible y hemos tenido muy poco margen de maniobra  muy pocas opciones  Hemos tratado de hacer todo lo posible  para evitar la ejecución    indicó hoy el presidente filipino  Ferdinand Marcos Jr   en declaraciones a los periodistas    El presidente afirmó que Filipinas trató de interceder diplomáticamente  pero que la ley es  muy estricta  en Arabia Saudí  por lo que no pudo evitar la aplicación de la pena capital por ahorcamiento    El filipino ejecutado  del que no ha trascendido el nombre por deseo de la familia  fue condenado a muerte debido a un asesinato por una disputa financiera cometido en 2020    El subsecretario del Departamento de Asuntos Exteriores filipino  Eduardo Jose Vega  indicó a la Agencia Nacional de Filipinas que la ejecución tuvo lugar el 5 de octubre  aunque las autoridades saudíes no lo han confirmado oficialmente     Hicimos todo lo que pudimos  apelaciones  cartas de apelación presidenciales       sin éxito   precisó Vega    El año pasado  las autoridades filipinas indicaron que estaban negociando con Arabia Saudí el perdón real para 4 filipinos en el corredor de la muerte para conmutarles la pena    Una forma de evitar la pena capital en Arabia Saudí es pagar el  dinero de sangre  a los familiares de la víctima  pero las cantidades pueden llegar a los 400 000 riyales saudíes  unos 106 000 dólares o 96 000 euros   algo inasumible para muchas familias filipinas    A finales de septiembre Amnistía Internacional  AI  denunció que Arabia Saudí ha ejecutado en lo que va de año a 198 personas  el mayor número en décadas pese a las promesas del régimen saudí de reducir el uso de la pena capital  , 8 de octubre de 2024,9
 Arabia Saudí queda fuera del Consejo de la ONU de Derechos Humanos  donde entra España , Naciones Unidas  9 oct  EFE    Arabia Saudí quedó fuera del Consejo de Derechos Humanos de la ONU tras la votación secreta realizada esta mañana por la Asamblea General  en Nueva York  y que dio entrada a 18 nuevos miembros entre los que se encuentran España  México  Colombia y Bolivia    La única incertidumbre de la votación era la relativa al bloque de países de Asia  por el que se presentaban seis países para cinco puestos    Arabia Saudí  que reunió 117 votos de los 190 países presentes en la sesión  fue la nación asiática que menos apoyos logró  por lo que queda fuera de este organismo con sede en Ginebra en el que los países ocupan un puesto por un mandato de tres años    La organización Human Rights Watch  HRW  había hecho campaña contra la entrada de Arabia Saudí en particular  criticando sus múltiples atropellos a los derechos individuales  tanto a los ciudadanos saudíes como a los extranjeros  sobre todo etíopes  que tratan de cruzar sus fronteras  así como por su participación en crímenes de guerra en el vecino Yemen    Nada más conocerse la votación  HRW emitió un comunicado en el que se congratula por  la derrota de Arabia Saudí  como  candidato no apto  para defender los derechos humanos  y añade que  si hubiera habido más competencia  tal vez otros gobiernos abusivos también habrían sido rechazados   y cita el caso de Catar o Tailandia  que sí han entrado    El Consejo de Derechos Humanos no tiene poderes ejecutivos ni capacidad de obligar a los países  pero su trabajo  y el hecho de que ninguno de sus 47 miembros tenga derecho de veto  le da autoridad moral y le permite enviar misiones de expertos y realizar informes que luego son tenidos en cuenta por organismos proderechos humanos o por tribunales con competencias internacionales    Fue muy sonado cuando en 2022 Rusia fue suspendida del Consejo por la Asamblea General  en una votación sin precedentes  como castigo por su comportamiento en Ucrania  al año siguiente  Rusia volvió a presentar su candidatura y fue rechazada por la misma Asamblea  , 9 de octubre de 2024,7
 Una fortuna de 297 millones  contratos con Arabia Saudí e investigaciones de Hacienda  Rafa Nadal más allá del tenis , 297 millones de euros  Es la astronómica fortuna que  según la revista Forbes  posee el mallorquín Rafa Nadal  quien este jueves anunciaba su retirada de las pistas dejando tras de sí un descomunal reguero de títulos en su historial  entre ellos 14 Roland Garros que lo convierten en el tenista con más trofeos en un único  grande   De acuerdo a los datos de la misma publicación  el líder indiscutible de tierra batida ha ganado  desde su debut en el año 2000  más de 125 millones de dólares  19 millones de ellos procedentes de sus victorias en el Abierto de Francia  El patrimonio de Nadal lo sitúa como el deportista español más rico  además de haberse convertido en el sexto tenista mejor pagado del mundo  con un total de 21 2 millones de euros    Sin embargo  a todo lo obtenido sobre las pistas se suman las cuantiosas sumas que el tenista  nacido en el municipio de Manacor el 3 de junio de 1986  se ha embolsado en forma de millonarios contratos publicitarios y de patrocinadores como Nike  Kia  Santander y Telefónica  El pasado mes de enero se convertía  además  en el embajador de la Federación de Tenis de Arabia Saudí con un suculento contrato bajo el brazo    Una decisión  la de representar al país saudita en el plano internacional  que no tardó en suscitar las críticas desde distintos ámbitos  Y es que la que para Nadal es una tierra de  crecimiento y progreso mires donde mires  es en realidad un país en el que  según los análisis de Amnistía Internacional  la vulneración de los derechos humanos y de los migrantes está a la orden del día mientras se suceden continuos ataques a la libertad de expresión  detenciones arbitrarias  juicios sin garantías  torturas y discriminación de las mujeres y el colectivo LGTBQ   También es el Estado donde el príncipe heredero ordenó descuartizar a un periodista crítico en una de sus embajadas  según constató un informe oficial de EEUU   Que Rafael Nadal se haya convertido en embajador del tenis de Arabia Saudí es una operación más de sportwashing   valoró entonces la organización internacional    En este sentido  el profesor de Ciencias Políticas de la Universidad del Pacífico  Oregón  EEUU  y experto en política deportiva Jules Boykoff explicaba a elDiario es que el sportswashing se produce cuando los líderes políticos utilizan los deportes para tratar de legitimarse en el escenario mundial mientras desvían la atención de los problemas de derechos humanos en sus países  Fueron varias las cifras que se manejaron acerca de lo que obtendría el mallorquín por unirse al circuito  aunque el contrato se contempla a largo plazo  para ayudar al crecimiento del deporte e inspirar a una nueva generación de tenistas en Arabia Saudí  e incluye la apertura de una sede de la academia tenista del balear  Con todo  Nadal aseguró que no se unió a Arabia por dinero    La Rafa Nadal Academy  fundada en 2016 con el patrocinio de Movistar con miras a convertirse en referente en formación y perfeccionamiento de tenis  tampoco se ha librado de la polémica  sobre todo cuando en 2018 se aprobó la agilización de los trámites para la ampliación del centro deportivo incluyéndose para ello una enmienda a la ley balear de vivienda  Este hecho provocó la confrontación entre los partidos que entonces conformaban el Govern en Balears  el PSIB PSOE  a pesar del rechazo mostrado por parte de Podemos  Més per Mallorca y Més per Menorca  votó a favor de la conocida como  enmienda Nadal  junto a PP  Cs y El PI  De inmediato  Rafa Nadal saltó a la palestra para negar haber recibido un trato de favor    Por otro lado  el tenista también cuenta con la Fundación Rafa Nadal  constituida en 2007 con el objetivo de promocionar el deporte como herramienta de integración para las personas con discapacidad y en situación de exclusión social  La entidad cuenta con cinco centros activos en España e India    Según las informaciones consultadas por elDiario es en los repositorios empresariales InsideView y Empresia  el tenista como tal no aparece en el registro mercantil en calidad de propietario  administrador o gestor de ninguna empresa  ni siquiera de las que llevan su nombre  Sí invierte en muchas de ellas  como apuntan varias revistas económicas especializadas  No sucede lo mismo con el patriarca de la familia  Sebastià Nadal Homar  Su nombre figura en unas 90 empresas  de las que en 25 es o fue administrador único  según las citadas bases de datos  Actualmente  destaca su presencia en el sector de las renovables  aunque en ese volumen de empresas hay de todo  promoción inmobiliaria  venta de terrenos o turismo y restauración  por decir algunos sectores  elDiario es se ha puesto en contacto con el entorno profesional de Nadal para contrastar estos datos  pero emplazan a hablar de ello en otro momento     Nadal posee  además  una empresa hotelera en expansión  Zel Hotels  marca de hoteles vacacionales que comenzó a operar el pasado año y que ya cuenta con presencia en Mallorca  Costa Brava y Punta Cana  Del mismo modo  durante los próximos años se contempla que la cadena  en la que también participa Meliá  se expanda a Albania  Madrid  Canarias  Costa del Sol  Croacia  Grecia  Portugal  París  Londres y el sudeste asiático  con el foco puesto en el turismo de ocio premium    El deportista también es propietario de Mabel Capital  una compañía de inversión privada fundada en Madrid en 2013  con presencia y activos en España  Portugal  Estados Unidos  Oriente Medio y México  Junto al empresario Manuel Matutes Prats  integrante de la saga de políticos y empresarios más influyente de Eivissa en el último siglo  y Manuel Campos Guallar  lleva a cabo entre otras actividades promociones de viviendas y complejos inmobiliarios de lujo  Por otra parte  Nadal es el accionista mayoritario de Debamina  dedicada a la participación en el capital de otras sociedades o entidades    Desde 2008  presta su nombre  además  a varios modelos de relojes de la lujosa marca Richard Mille  desde el primer RM 027 hasta el último RM 27 05  cuyos precios rondan los 900 000 euros   Hasta que conoció a Richard Mille en 2008  Rafa se negaba a llevar reloj  Ni se le había pasado por la cabeza ponérselo para jugar  Nadal se mostró reticente  de modo que Richard tuvo que insistir mucho para convencerlo  Juntos  desarrollaron el tourbillon más ligero del mundo hasta aquel momento  el RM 027  el primer reloj que llevó el nombre del rey de la tierra batida   asegura la marca en su página web    Por otro lado  el tenista cuenta desde 2020 con un catamarán valorado en 5 5 millones de euros  galardonado en la categoría Best Cat de la 33 edición de los premios Best of The Best que otorga la revista de lujo norteamericana Robb Report  Con una capacidad para ocho invitados  mide 23 95 metros de eslora y 12 de manga  presume de tener cuatro cabinas  un casco de estribor con una suite  un camarote de invitados y los cuartos de la tripulación  El camarote principal  tal como describe Forbes  cuenta con un vestidor  un sofá  un televisor de techo abatible sobre la cama doble y un balcón privado desplegable  según detallan las características del fabricante Sunreef Power    Las sombras sobrevolaron sobre sus negocios cuando  en 2012  la Agencia Tributaria comenzó a investigar al grupo de sociedades que Rafa Nadal tuvo domiciliadas en Gipuzkoa desde 2006 hasta finales de 2011 a pesar de no contar con actividad alguna en Euskadi y aprovechando el beneficioso marco fiscal que existía en ese momento en el territorio foral  De acuerdo a las pesquisas de Hacienda  el tenista pudo ahorrarse el pago de importantes cantidades de las que le habría correspondido abonar por el régimen de sociedades de promoción de empresas  SPE  si las mercantiles las hubiera tenido radicadas en Manacor  Finalmente  el fisco le obligó a cambiar la domiciliación de las mismas  Tras la publicación de las informaciones  Nadal aseguró no haber controlado  estos temas  durante aquellos años    Su representante  Carlos Costa  aseguró además que  Rafa  desde el inicio de su carrera  ha tenido residencia fiscal en Balears como persona física  En cuanto a las empresas mencionadas  cuyo ámbito de actuación es también internacional  tras un período en el que su domicilio social estuvo en territorio vasco  trasladaron su domicilio a Balears  no habiéndose beneficiado como consecuencia de este traslado de lo previsto por el régimen fiscal anterior   En el mismo comunicado  Costa afirmaba que  desde el inicio de su carrera   Rafa siempre ha querido mantener su residencia en España y así ha sido  reafirmando con ello su compromiso como español tanto dentro como fuera de las pistas     En 2020  en una entrevista publicada por el periódico italiano Corriere della Sera  Nadal reconocía   Soy español y estoy feliz de serlo  Pero  por supuesto  cuando llega la factura de impuestos estoy un poco menos feliz   En la misma entrevista  Nadal salía en defensa del rey emérito Juan Carlos   Puede que se haya equivocado  pero recordemos siempre lo que hizo por España   y  sobre la pandemia de la COVID  expresaba   La gente muere a causa del virus  pero también puedes morir de hambre     Por otro lado  una de las propiedades con las que cuenta Nadal es una exclusiva casa con vistas al mar en Portocristo  perteneciente a Manacor  donde inmobiliarias de nombre internacional ofrecen caras mansiones para quienes  buscan un estilo de vida exclusivo   como anuncian en su web   mientras la compra extranjera masiva y la especulación expulsan de la isla a los residentes locales  También posee una macrovivienda de 227 metros en el lujoso complejo residencial de Bahía Príncipe  en la playa Nueva Romana de República Dominicana    Tras la figura de Nadal permaneció durante 27 años su tío Toni Nadal  el hombre más influyente en su trayectoria  Bajo su tutela logró el título en 76 torneos  16 de ellos Grand Slam  diez Roland Garros  tres US Open  dos Wimbledon y un Abierto de Australia   Medalla de Bronce de la Real Orden al Mérito Deportivo y convertido en uno de los entrenadores más laureados de la historia de la raqueta española  compaginando el deporte con los negocios inmobiliarios  a principios de 2023 decidió dar el salto a la política tras ser fichado por el presidente del PP  Alberto Nuñez Feijóo  para la nueva fundación del partido    Toni Nadal ha ofrecido  al margen de su trabajo como preparador deportivo  múltiples charlas y conferencias dirigidas a entrenadores  jóvenes y empresas  Asimismo  gestiona la empresa Tenis Invest  cuyo objeto social está dedicado a la adquisición  enajenación y cesión de bienes de equipo  maquinaria y utillaje  según el Boletín Oficial del Registro Mercantil  Borme   Volcado en la capacitación deportiva de su sobrino desde que éste tenía cuatro años  Antonio Nadal Homar  Manacor  22 de febrero de 1961  tuvo claro que  entre otros valores  quería inculcarle los del trabajo diario  el esfuerzo  la mejora constante y  sobre todo  una gestión eficaz de la adversidad      Me he basado desde siempre en unos principios universales que han funcionado toda la vida y  por tanto  para mí han sido siempre los más lógicos  Mi forma de trabajar es simple y sencilla  No soy dueño de grandes teorías ni ejecutor de muchas complicaciones   asevera  de hecho  en su libro Todo se aprende a entrenar  En 2010  la entonces presidenta de la Comunidad de Madrid  Esperanza Aguirre  le dio en mano el premio Siete Estrellas en la categoría  Fomento de los valores deportivos     La familia Nadal comenzó a cosechar dinero con la irrupción de Miquel Àngel Nadal  el hijo pequeño de Rafael Nadal Nadal  en el deporte profesional  Miquel Àngel Nadal  futbolista que pasó por el RCD Mallorca y el Futbol Club Barcelona  fue el primero de la familia en mostrar aptitudes deportivas  Por su parte  el padre del tenista  Sebastià Nadal Homar  se inició en el mundo empresarial con el  manipulado  y la  transformación de vidrio plano   Según su web  la empresa Vidres Mallorca S L  se constituyó en el 1982  Pero en el registro mercantil consta que fue en 1989  cuando su hermano futbolista estaba a punto de dar el salto al Barça  La empresa llegó a liderar varios años este mercado en la isla gracias a la irrupción de las ventanas con doble cristal o con cámara de aire  así como por tener un acuerdo de distribución  único en la isla  con la reconocida marca Climalit  de la que continúan haciendo gala en su web    En Vidres Mallorca S L   Nadal padre figura como administrador único y la empresa sigue vigente  en el ejercicio de 2021  el último disponible  declaró 1 6 millones de beneficios  26 91 millones de euros en activos y 25 39 millones de patrimonio neto  según los datos de InsideView  El descuadre de los años de creación podría deberse a que antes de formar la empresa  adquirió una cristalería ya existente  desde la que edificó este primer éxito empresarial  En el ámbito de la instalación de parques solares en campos de cultivo  la empresa Starwing S L   con sede en Palma  también cuenta entre sus directivos con el padre del tenista  de acuerdo a los datos de InsideView    Otra empresa que en la órbita de Sebastià Nadal  ya que comparte sede social con Starwing S L   ha ejecutado proyectos de plantas eólicas en Costa Rica  Lugo y Soria  y fotovoltaicas  además de Mallorca  en La Rioja  Granada  Chile o Málaga  según consta en la página web de la compañía en cuestión  Gruparc renovables   Y Starwing es solo una de muchas empresas de este sector en las que participa el padre del deportista  En muchas de ellas  como la que ha servido de ejemplo  Sebastià Nadal comparte directiva con Antonio Mascaró Gomila  siempre según InsideView   directivo en los noventa de Banca March  que se vio envuelto en un affaire judicial  Caso Royaltur  del que salió absuelto  Al directivo se le acusaba de presunta estafa  junto a otros implicados  por la compra venta de la cadena hotelera homónima usando su salida a bolsa para bajar el valor de esta    La familia ha estado históricamente vinculada a la política y  en especial  al PP  El caso más reciente es el del ya citado Toni Nadal  mentor de la estrella  Por su parte  Rafa Nadal Homar  tío del tenista  hermano de sangre del padre y gestor de los negocios familiares  fue concejal en el Ajuntament de Manacor y figuró en las listas y el Gobierno autonómico del popular José Ramón Bauzá  En los comicios autonómicos de 2023  su hijo Rafael Nadal Barceló  en Mallorca las familias tradicionales son proclives a la repetición generacional de nombres   primo del tenista  concurría en el número 14 de la lista del PP y el 23 de julio del mismo año recogía su acta de diputado  ocupando así uno de los 59 escaños de la Cámara balear   ,10 de octubre de 2024 Actualizado el 11 10 2024,22
 Netanyahu tiende la mano a Arabia Saudí para  una paz que sería una bendición  , Naciones Unidas  27 sep  EFE    El primer ministro de Israel  Benjamín Netanyahu  no hizo alusión a un posible alto el fuego en Gaza ni en Líbano  pero tendió la mano a Arabia Saudí en su discurso ante la Asamblea General de la ONU     Qué bendiciones podría traer la paz con Arabia Saudí   dijo  y detalló que los frutos de ese acuerdo se reflejarían de inmediato en la economía  la seguridad  el turismo  la agricultura  el agua y hasta la Inteligencia Artificial   Una paz así sería un jalón histórico  traería la reconciliación entre árabes e Israel  el islam y el judaísmo  La Meca y Jerusalén     Esa posible alianza  a la que ya se han adherido los países de los llamados  acuerdos de Abraham   Emiratos  Marruecos  Baréin  y previamente Egipto y Jordania  todos ellos firmantes de tratados de reconocimiento de Israel  tiene según Netanyahu un principal enemigo  Irán  que a través de sus  delegaciones  en Siria  Yemen o Líbano se oponen a toda reconciliación  ,27 de septiembre de 2024,3
 Netanyahu enfría las esperanzas de un alto el fuego pero tiende la mano a Arabia Saudí , Naciones Unidas  27 sep  EFE    El primer ministro israelí  Benjamín Netanyahu  dejó claro este viernes en la Asamblea General de la ONU que no piensa aceptar un alto el fuego en ninguno de los frentes  ni en Gaza ni en Líbano   pero tendió la mano a Arabia Saudí para un eventual acuerdo de paz y reconocimiento mutuo    En un tono desafiante  Netanyahu dijo que no tenía intención de venir a la semana de Alto Nivel de la ONU pero decidió hacerlo  tras escuchar todas las mentiras y calumnias dirigidas contra mi país desde este mismo podio  para dejar las cosas claras   en referencia a todos los llamamientos que decenas de países han hecho estos días para que declare un alto el fuego    Ni siquiera mencionó las palabras  tregua  o  alto el fuego   pero dejó claro que en lo referente a Gaza   no vamos a descansar hasta traer a los rehenes restantes a casa     Netanyahu  que habló durante 35 minutos  trajo consigo desde Israel a familiares de los rehenes que estuvieron o están en manos de Hamás desde el 7 de octubre  que lo recibieron con una larga ovación desde la tribuna de invitados al entrar en la sala y lo aplaudieron en numerosas ocasiones    Gran parte de su discurso lo dedicó a alertar sobre la amenaza que Irán supone para su país y para el mundo  y aportó  de modo parecido a lo que hizo el año pasado  un  mapa maldito  donde Irán y sus aliados Siria  Yemen y Líbano traen la guerra a una región y frustran así lo que podría ser un  mapa bendito  en el que un mundo árabe en paz con Israel sería el puente perfecto entre Europa y Asia    Alzando la voz en numerosas ocasiones  aseguró   Tengo un mensaje para los tiranos de Teherán  si nos atacan  les atacaremos  No hay lugar en Irán que el largo brazo de Israel no pueda alcanzar  y eso vale para todo Oriente Medio     Israel no se conforma con ser  el carnero que va al sacrificio   Los soldados de Israel han devuelto el golpe con increíble valor y un sacrificio heroíco   sentenció     Y tengo otro mensaje para la Asamblea y el mundo fuera de aquí  Estamos ganando   exclamó    Aunque se refirió a los atentados terroristas de Hamás  no mencionó a los palestinos como pueblo ni como Autoridad Palestina en ningún momento  y en su lugar quiso lanzar un mensaje conciliador hacia Arabia Saudí  a la que invitó a sumarse a un acuerdo de paz mutuo que traería supuestamente una era de prosperidad a la región     Qué bendiciones podría traer la paz con Arabia Saudí   afirmó  y detalló que los frutos de ese acuerdo se reflejarían de inmediato en la economía  la seguridad  el turismo  la agricultura  el agua y hasta la Inteligencia Artificial   Una paz así sería un jalón histórico  traería la reconciliación entre árabes e Israel  el islam y el judaísmo  La Meca y Jerusalén     Esa posible alianza  a la que ya se han adherido los países de los llamados  acuerdos de Abraham   Emiratos  Marruecos  Baréin  y previamente Egipto y Jordania  todos ellos firmantes de tratados de reconocimiento de Israel  tiene según Netanyahu un principal enemigo  Irán  que a través de sus  delegaciones  en Siria  Yemen o Líbano se oponen a toda reconciliación    Una tesis siempre repetida por Israel es que no existe tal cosa como  un problema palestino   ya que son un pueblo árabe que podrían encontrar acomodo en cualquier otro país árabe  una idea o plan que el rey Abdalá de Jordania ya descartó por completo en su reciente discurso ante la Asamblea General    El pasado martes  el monarca jordano dijo con vehemencia   Hay extremistas que están arrastrando a nuestra región al borde de una guerra total  y esto incluye a los que siguen propagando la idea de Jordania como patria alternativa  Pues seré muy  muy claro  eso nunca va a suceder  nunca aceptaremos el desplazamiento forzoso de los palestinos   remarcó    Javier Otazu ,27 de septiembre de 2024 Actualizado el 27 09 2024,14
 El Brent sigue un 2 6   a la baja por los planes de Arabia Saudí de aumentar la producción , Londres  26 sep  EFE    El barril del petróleo Brent  de referencia en Europa  continuaba este jueves la tendencia a la baja en el mercado de futuros de Londres al descender un 2 6   frente al cierre de la jornada anterior ante la perspectiva de que Arabia Saudí se dispone a aumentar la producción de crudo    Al comienzo de la sesión  el crudo del mar del Norte para entrega en noviembre cotizaba en el Intercontinental Exchange  ICE  a 71 59 dólares  frente a los 73 46 al cierre del miércoles  pero a las 11 30 GMT se situaba en 71 50 dólares    El petróleo retrocedía también después de que las distintas facciones en Libia llegasen a un acuerdo que puede abrir la puerta al retorno del país a la producción de crudo  según los expertos    El oro negro inició la jornada con un fuerte descenso después de que el Financial Times revelase hoy que Arabia Saudí quiere dejar el objetivo de los 100 dólares el barril  en una señal de que el país está resignado a un período de precios del petróleo más bajos  según personas familiarizadas con el mayor exportador de crudo del mundo    Esto representa un cambio de rumbo para el país  que ha impulsado a otros miembros de la Organización de Países Exportadores de Petróleo  OPEP  a recortar repetidamente la producción desde noviembre de 2022 en un intento por mantener los precios altos  ,26 de septiembre de 2024,5
 El Petróleo Texas pierde un 5   semanal por expectativa de más producción de Arabia Saudí , Nueva York  27 sep  EFE    El precio del petróleo intermedio de Texas  WTI  subió este viernes un 0 75    hasta 68 18 dólares el barril  pero cierra la semana con una pérdida del 5   por la expectativa de que Arabia Saudí aumente su producción de crudo    Al término de la jornada en la Bolsa Mercantil de Nueva York  Nymex   los contratos de futuros del WTI para entrega en noviembre  el nuevo mes de referencia  sumaron 0 51 dólares con respecto a la sesión anterior    Los precios cierran la semana a la baja al imponerse las perspectivas de una mayor oferta global al recrudecimiento del conflicto entre Israel y Hizbolá en el Líbano  o a las últimas noticias positivas para el estímulo de la demanda en China    El Financial Times publicó el jueves que Arabia Saudí quiere dejar el objetivo de los 100 dólares el barril  en una señal de que el país está resignado a un período de precios del petróleo más bajos  según personas familiarizadas con el mayor exportador de crudo del mundo    Fuentes de la Organización de Países Exportadores de Petróleo y aliados  OPEP   confirmaron a la prensa especializada que no existe un precio objetivo específico para el crudo y que basan su estrategia en los fundamentos de mercado y en los inventarios globales de petróleo a cinco años    Por otra parte  este viernes el banco central de China redujo los tipos de interés e inyectó liquidez al sistema bancario mientras Pekín prepara estímulos para llevar el crecimiento económico hacia el objetivo del 5  en 2024  lo que podría impulsar la débil demanda de crudo del gigante chino    En otros mercados  los contratos de gas natural para entrega en noviembre subieron a 2 90 dólares por mil pies cúbicos y los contratos de gasolina con vencimiento en octubre bajaron a 1 95 dólares el galón  ,27 de septiembre de 2024,7
